{
    // Use IntelliSense to learn about possible attributes.
    // Hover to view descriptions of existing attributes.
    // For more information, visit: https://go.microsoft.com/fwlink/?linkid=830387
    "version": "0.2.0",
    "configurations": [
        {
            "name": "(gdb) Iniciar",
            "type": "cppdbg",
            "request": "launch",
            "program": "${workspaceFolder}/Projects/Simulator/simulator",
            "stopAtEntry": true,
            "cwd": "${workspaceFolder}/Projects/Simulator",
            "environment": [],
            "externalConsole": false,
            "MIMode": "gdb",
            "setupCommands": [
                {
                    "description": "Habilitar la impresión con sangría para gdb",
                    "text": "-enable-pretty-printing",
                    "ignoreFailures": true
                }
            ]
        }
    ]
}